Actor;Image;Title;Age
Will Smith;11;Le prince de Bel-Air;22
Will Smith;12;Le prince de Bel-Air;22
Will Smith;19;Emancipation;54
Will Smith;21;La Méthode Williams;53
Will Smith;26;Le prince de Bel-Air;22
Will Smith;33;Gemini Man;51
Will Smith;37;Gemini Man;51
Will Smith;38;Gemini Man;51
Will Smith;40;Gemini Man;51
Will Smith;41;Men in Black 3;44
Will Smith;55;Hancock;40
Will Smith;60;Hancock;40
Will Smith;71;Petite fleur;22
Will Smith;86;Le prince de Bel-Air;22
Will Smith;99;Conan;42
Will Smith;120;Bad Boys : Flics de choc;27
Will Smith;145;À la recherche du bonheur;38
Will Smith;146;À la recherche du bonheur;38
Will Smith;147;Conan;42
Will Smith;149;Suicide Squad;48
Will Smith;153;Suicide Squad;48
Will Smith;156;Suicide Squad;48
Will Smith;177;Independence Day : Le Jour de la riposte;28
Will Smith;187;Seul contre tous;47
Will Smith;193;Diversion;47
Will Smith;199;Diversion;47
Will Smith;203;Diversion;47
Will Smith;212;Charlie Rose;23
Will Smith;220;Le prince de Bel-Air;22
Will Smith;228;Le prince de Bel-Air;22
Will Smith;242;Le prince de Bel-Air;22
Will Smith;248;Le prince de Bel-Air;22
Will Smith;255;Le prince de Bel-Air;22
Will Smith;265;Le prince de Bel-Air;22
Will Smith;271;Le prince de Bel-Air;22
Will Smith;272;Le prince de Bel-Air;22
Will Smith;273;Le prince de Bel-Air;22
Will Smith;281;Le prince de Bel-Air;22
Will Smith;282;Le prince de Bel-Air;22
Will Smith;286;Le prince de Bel-Air;22
Will Smith;302;Men in Black;29
Will Smith;309;Le prince de Bel-Air;22
Will Smith;318;Le prince de Bel-Air;22
Will Smith;319;Le prince de Bel-Air;22
Will Smith;340;Le prince de Bel-Air;22
Will Smith;351;Le prince de Bel-Air;22
Will Smith;355;Le prince de Bel-Air;22
Will Smith;378;Le prince de Bel-Air;22
Will Smith;383;Le prince de Bel-Air;22
Will Smith;387;After Earth;45
Will Smith;389;After Earth;45
Will Smith;391;After Earth;45
Will Smith;392;After Earth;45
Will Smith;393;After Earth;45
Will Smith;403;Men in Black 3;44
Will Smith;408;Men in Black 3;44
Will Smith;417;Ennemi d'État;30
Will Smith;442;Hitch, expert en séduction;37
Will Smith;444;Hitch, expert en séduction;37
Will Smith;489;Ennemi d'État;30
Will Smith;497;Sept Vies;40
Will Smith;502;Sept Vies;40
Will Smith;503;Sept Vies;40
Will Smith;508;Hancock;40
Will Smith;535;Je suis une légende;39
Will Smith;540;Je suis une légende;39
Will Smith;543;Je suis une légende;39
Will Smith;574;Lawrence in Bad Boys : Flics de choc;27
Will Smith;575;Bad Boys : Flics de choc;27
Will Smith;576;Lawrence in Bad Boys : Flics de choc;27
Will Smith;592;Le prince de Bel-Air;22
Will Smith;612;Lawrence, and Gabrielle Union in Bad Boys II;35
Will Smith;632;Le prince de Bel-Air;22
Will Smith;639;Suicide Squad;48
Will Smith;640;Je suis une légende;39
Will Smith;648;Bad Boys: Ride or Die;56
Will Smith;649;Lawrence at an event for Bad Boys: Ride or Die;56
Will Smith;660;La 94e cérémonie des Oscars;54
Will Smith;664;La 94e cérémonie des Oscars;54
Will Smith;666;La 94e cérémonie des Oscars;54
Will Smith;667;Bel-Air;54
Will Smith;681;Men in Black;29
Will Smith;696;Les Incognitos;51
Will Smith;731;Fashion maman;36
Will Smith;740;Bright;49
Will Smith;741;Bright;49
Will Smith;756;Seul contre tous;47
Will Smith;760;Beauté cachée;48
Will Smith;763;Beauté cachée;48
Will Smith;765;Beauté cachée;48
Will Smith;795;2016 White House Correspondents' Association Dinner;48
Will Smith;833;Diversion;47
Will Smith;837;Annie;46
Will Smith;839;The Oscars;46
Will Smith;853;After Earth;45
Will Smith;854;After Earth;45
Will Smith;862;After Earth;45
Will Smith;873;Free Angela;44
Will Smith;876;Men in Black 3;44
Will Smith;880;Men in Black 3;44
Will Smith;885;Men in Black 3;44
Will Smith;888;Men in Black 3;44
Will Smith;911;The Karate Kid;42
Will Smith;921;The Karate Kid;42
Will Smith;924;The Karate Kid;42
Will Smith;948;Michael Jackson's This Is It;41
Will Smith;971;Sept Vies;40
Will Smith;989;The Women;40
Will Smith;995;Hancock;40
Will Smith;1011;2008 MTV Movie Awards;40
Will Smith;1048;Lions et agneaux;39
Will Smith;1056;Le Royaume;39
Will Smith;1058;Le Royaume;39
Will Smith;1063;The 79th Annual Academy Awards;39
Will Smith;1064;The 79th Annual Academy Awards;39
Will Smith;1120;Je suis une légende;39
Will Smith;1137;The 78th Annual Academy Awards;38
Will Smith;1138;The 78th Annual Academy Awards;38
Will Smith;1156;Hustle & Flow;37
Will Smith;1157;Hustle & Flow;37
Will Smith;1158;Hustle & Flow;37
Will Smith;1192;Bad Boys II;35
Will Smith;1209;Showtime;34
Will Smith;1221;La Chute du faucon noir;33
Will Smith;1226;Big Mamma;32
Will Smith;1287;Woo;30
Will Smith;1324;Sept Vies;40
Will Smith;1329;Sept Vies;40
Will Smith;1343;in Men in Black 3;44
Will Smith;1365;Gemini Man;51
Will Smith;1383;Gemini Man;51
Will Smith;1384;Gemini Man;51
Will Smith;1400;in Men in Black 3;44
Will Smith;1413;Lawrence in Bad Boys : Flics de choc;27
Will Smith;1428;Hitch, expert en séduction;37
Will Smith;1433;in Men in Black 3;44
Will Smith;1435;in Men in Black 3;44
Will Smith;1472;Le prince de Bel-Air;22
Will Smith;1484;Sept Vies;40
Will Smith;1487;Hitch, expert en séduction;37
Will Smith;1496;Sept Vies;40
Will Smith;1507;Le prince de Bel-Air;22
Will Smith;1518;Sept Vies;40
Will Smith;1519;Sept Vies;40
Will Smith;1521;Sept Vies;40
Will Smith;1527;Hancock;40
Will Smith;1528;Hitch, expert en séduction;37
Will Smith;1529;Hitch, expert en séduction;37
Will Smith;1539;Je suis une légende;39
Will Smith;1547;Je suis une légende;39
Will Smith;1565;Kline and Will Smith in Wild Wild West;31
Will Smith;1575;Men in Black;29
Will Smith;1579;La légende de Bagger Vance;32
Will Smith;1599;La légende de Bagger Vance;32
Will Smith;1614;Ali;33
Will Smith;1618;I, Robot;36
Will Smith;1621;I, Robot;36
Will Smith;1622;I, Robot;36
Will Smith;1623;I, Robot;36
Will Smith;1626;Hitch, expert en séduction;37
Will Smith;1629;Hitch, expert en séduction;37
Will Smith;1630;Hitch, expert en séduction;37
Will Smith;1631;I, Robot;36
